afid,organization,addresstext,addresspart,citygroup,affil ID,affil Standardized Name,affil Lat,affil Lng
109869034,"rbf consulting, inc##  ##",,,,109869034,RBF Consulting,33.6514201,-117.7175496
109869035,orbital analytics ##  ##,,101 south players club drive,"tucson, arizona 85745",Can't Geocode,Can't Geocode,Can't Geocode,Can't Geocode
109869067,energy balance laboratory ##  ##,,,"baton rouge, la",Can't Geocode,Can't Geocode,Can't Geocode,Can't Geocode
109869089,sapphaire technologies direct ## marketing centre of excellence ## bank of america,,,"charlotte, nc",Can't Geocode,Can't Geocode,Can't Geocode,Can't Geocode
109869092,aircraft maintenance division ## air mobility command ##,,,,109869092,Travis AFB Main Gate,38.2718505,-121.9538748
109869102,georgia center for cosmetic and implant dentistry ##  ##,,,"marietta, ga",109869102,The Georgia Center for Cosmetic & Implant Dentistry,33.9521653,-84.4120634
109869112,advanced aerial refueling systems ## boeing integrated defensive systems ##,,2401 east wardlow road,,Can't Geocode,Can't Geocode,Can't Geocode,Can't Geocode
109869113,forensics at mount san antonio college ## department of communication ##,,,,109869113,Mt. San Antonio College,34.0476932,-117.8448584
109869120,naval institute ## dental and biomedical research ##,,,"great lakes, il",109869120,USO of Illinois-Great Lakes Center,42.312403,-87.8415418
109869132,"deputy, finance and cost management branch ##  ##",,526th icbm systems wing,,Can't Geocode,Can't Geocode,Can't Geocode,Can't Geocode
109869140,geothermal consultant ##  ##,,,"salt lake city, ut",109869140,Cyrq Energy Inc,40.7632471,-111.8915344
109869149,pcs edventures inc##  ##,,,boise id,109869149,"EdventuresLab Boise After School, Camps, and Robotics",43.5970237,-116.1856156
109869150,signal centers assistive technology group ##  ##,,,chattanooga,109869150,"Signal Centers, Inc.",35.0264765,-85.2456637
109869160,"departments of internal medicine, hepatology ##  ##",,,,109869160,Internal Medicine-Gi Division,37.5400656,-77.4313437
109869171,department of medicine ## division of hospital medicine ##,,,"san francisco, ca",109869171,U C San Francisco (UCSF),37.7629651,-122.4574487
109869190,nutrient management spear program ##  ##,,,,109869190,Cornell University,42.4534492,-76.4735027
109869196,department of environment and conservation ## science division ##,,50 hayman road,"kensington, wa 6152",Can't Geocode,Can't Geocode,Can't Geocode,Can't Geocode
109869200,"mayoue, bates and nolen ##  ##",,,"atlanta, ga",109869200,Boyd Collar Nolen & Tuggle,33.8741414,-84.4583251
109869202,departmentof molecular physiology and biophysics ##  ##,,,,109869202,Department of Molecular Physiology and Biophysics,36.142027,-86.8018228
109869205,clare gladwin intermediate school district ##  ##,,,,109869205,Clare-Gladwin Regional Education Service District (RESD),43.9632912,-84.7645855
109869218,fundao municipal lar escola francisco de paula ## secretaria municipal da pessoa com deficincia ##,,,,109869218,Secretaria Municipal da Pessoa com Deficiência - CIAD Mestre Candeia,-22.9063352,-43.1936147
109869224,portland center for the study of chronic ## comorbid mental and physical disorders ## health services research and development service,,,portland,109869224,Portland Va Medical Center: Ganzini Linda MD,45.4962331,-122.6834829
109869245,"national network for public, health leadership development ##  ##",,,,109869245,Northwest Center for Public Health Practice,47.6610767,-122.316144
109869254,department of aerospace engineering ## 206 e talbot laboratory ##,,,,Can't Geocode,Can't Geocode,Can't Geocode,Can't Geocode
109869259,"training, empowerment partners llc ##  ##",,,"cleveland, ga",Can't Geocode,Can't Geocode,Can't Geocode,Can't Geocode
109869260,"division of endocrinology, diabetes and metabolism ## department of internal medicine ##",,,,109869260,"Division of Endocrinology, Diabetes, and Metabolism",39.9475053,-75.1932096
109869272,dewberry ##  ##,,,"parsippany, nj",109869272,Dewberry,40.847507,-74.4255581
109869282,"aids clinical trials group operations, center ##  ##",,,"silver spring, md",Can't Geocode,Can't Geocode,Can't Geocode,Can't Geocode
109869285,glycomedical research institute ##  ##,,,"san diego, ca",109869285,University of California San Diego,32.8800604,-117.2340135
109869291,"docomo communications laboratories, inc##  ##",,,,109869291,"DOCOMO Innovations, Inc.",37.4079628,-122.1462858
109869304,division of biostatistics ## office of clinical research ##,,,minneapolis,109869304,University of Minnesota,44.97399,-93.2277285
109869371,north carolina disease event tracking and epidemiologic collection tool ##  ##,,,"chapel hill, nc",109869371,University of North Carolina at Chapel Hill,35.9049122,-79.0469134
109869385,cancer vaccine center ##  ##,,,"boston, ma 02115",109869385,Dana Farber Cancer Institute: Wu Catherine J MD,42.3376985,-71.1072967
109869392,departmentof counseling and school psychology ## university of wisconsin river falls ##,,,,109869392,University of Wisconsin - River Falls,44.8529252,-92.6213757
109869398,seacoast cancer center ##  ##,,,"portsmouth, nh",109869398,Seacoast Cancer Center,43.2132861,-70.8741301
109869401,halozyme therapeutics ##  ##,,,"san diego, ca",109869401,Halozyme Therapeutics Inc,32.908521,-117.229578
109869402,hybrid silica technologies ##  ##,,,"cambridge, ma",109869402,Hybrid Silica Technologies Inc,42.3633164,-71.1141696
109869406,ferrovial agraman us corporation ## chase park one ##,,7700 chevy chase drive,"austin, tx 78752",Can't Geocode,Can't Geocode,Can't Geocode,Can't Geocode
109869419,oakwood school ##  ##,,,"north hollywood, ca",109869419,Oakwood Elementary School,34.1502691,-118.3759109
109869420,physicians' health study ##  ##,,,"boston, ma",109869420,Brigham and Women's Hospital,42.3359248,-71.1066945
109869423,education resources ## american college of chest physicians ##,,,,109869423,American College of Chest Physicians,42.1017678,-87.8228446
109869436,department of human physiology ## institute of neuroscience ##,,,eugene,109869436,Institute of Neuroscience,44.045952,-123.0719833
109869438,"departments of medicine, biomedical engineering ## physics ctrain group ## campus box 8215",,660 south euclid ave.,"st louis, mo 63110",Can't Geocode,Can't Geocode,Can't Geocode,Can't Geocode
109869439,diabetes control and complications trial ## epidemiology of diabetes interventions and complications ##,,,,Can't Geocode,Can't Geocode,Can't Geocode,Can't Geocode
109869441,cambridge systematics inc##  ##,,1 parkview drive,"mount vernon, oh 43050",Can't Geocode,Can't Geocode,Can't Geocode,Can't Geocode
109869447,pharmabio ## jacobs engineering ##,,,,109869447,Jacobs,40.0700922,-75.3048671
109869448,board of the globe research project ##  ##,,,,Can't Geocode,Can't Geocode,Can't Geocode,Can't Geocode
109869449,departments of cancer biology ##  ##,,,harvard,109869449,Harvard University Department of Molecular and Cellular Biology,42.3788681,-71.1134425
109869450,florida state deptof transp## ms 19 ##,,605 suwannee street,"tallahassee, fl 32399-0450",109869450,Florida Department of Transportation,30.4370229,-84.2745932
109869469,sgt ##  ##,,,"greenbelt, md 20770",109869469,"SGT, Inc.",38.9933025,-76.8736474
109869488,genuspic ##  ##,,100 bluegrass commons blvd,"hendersonville, tn 37075",109869488,Pic North America,36.321805,-86.571618
109869501,"instde pesq, ensino e diagnosticos da associacao de pais e amigos dos excepcionais ipedapae ##  ##",,,,Can't Geocode,Can't Geocode,Can't Geocode,Can't Geocode
109869513,"center for delivery, organization and markets ## agency for healthcare research ana quality ahrq ##",,,,109869513,Agency For Healthcare Research,39.050166,-77.1273264
109869535,raytheon corporation ##  ##,,,"omaha, ne 68106",Can't Geocode,Can't Geocode,Can't Geocode,Can't Geocode
109869542,division of animal sciences ## missouri university ##,,,columbia,109869542,Division of Animal Sciences,38.9392604,-92.3160006
109869550,bridgton hospital ##  ##,,,me,109869550,Bridgton Hospital,44.0462042,-70.7152835
109869556,recovery opportunity center ##  ##,,,,109869556,Recovery Opportunity Center,33.478374,-112.0474298
109869559,departments of psychiatry ##  ##,,,,109869559,Department of Psychiatry,40.7392171,-73.9754976
109869573,"pearson, knowledge technologies ##  ##",,4940 pearl east circle,"boulder, co 80301",109869573,Pearson Knowledge Technologies,40.0202612,-105.2363284
109869575,hematopathology section ## laboratory of pathology lp ##,,,,Can't Geocode,Can't Geocode,Can't Geocode,Can't Geocode
109869593,department of educational studies in psychology ## research methodology ## counseling,,,,Can't Geocode,Can't Geocode,Can't Geocode,Can't Geocode
109869595,mechanical and aerospace engineering ## university at buttalo ub ##,,,,109869595,Mechanical and Aerospace Engineering,43.0022462,-78.7872559
109869600,mtpv corporation ##  ##,,,"boston, ma",109869600,Mtpv,30.4405057,-97.6969126
109869604,city of west des moines ##  ##,,p.o. box 65320,"west des moines, ia 50265",109869604,50265,41.5507357,-93.7333537
109869624,southwest shoulder elbow and hand center ##  ##,,,"tucson, az",109869624,SW Shoulder Elbow & Hand Center: Siegel David B MD,32.268014,-110.891999
109869648,cni center for brain and spinal tumors ##  ##,,,"englewood, co",109869648,CNI Center-Brain Spinal Tumors,39.6534679,-104.979334
109869664,family loss project in sherborn ##  ##,,,ma,Can't Geocode,Can't Geocode,Can't Geocode,Can't Geocode
109869671,research and community partnerships ##  ##,,,,109869671,Community Research Partners,39.9571318,-82.9885943
109869699,northwestern feinberg ## school of medicine ##,,,"evanston, il",109869699,Feinberg School of Medicine,41.8964357,-87.6196903
109869713,center for biomedical informatics and information technology ##  ##,,,"bethesda, md",109869713,National Institutes of Health,39.0042808,-77.1007955
109869720,department of pediatrics ## division of oncology ##,,,"milwaukee, wi.",109869720,Medical College of Wisconsin,43.043967,-88.020103
109869725,university ofwisconsin ##  ##,,,madison,109869725,University of Wisconsin-Madison,43.076592,-89.4124875
109869727,epidemic intelligence service ## office of workforce and career development assigned to influenza division ##,,,,Can't Geocode,Can't Geocode,Can't Geocode,Can't Geocode
109869736,photonics knowledge transfer network ##  ##,,,,109869736,ESP Central Ltd,51.0618257,-0.3243397
109869741,college of health sciences ## tul university ##,,,cypress,109869741,Trident University,33.8056569,-118.0321
109869747,institute for communication technology and management ctm ##  ##,,,,109869747,University of Southern California,34.0223519,-118.285117
109869753,national agenda goal 8 ## consultant on the ecc ##,,19026 20th avenue nw,"shoreline, wa 98177-6479",Can't Geocode,Can't Geocode,Can't Geocode,Can't Geocode
109869789,mechanical and aeronautical engineering ##  ##,,,,109869789,Department of Mechanical and Aerospace Engineering,40.5222924,-74.4602756
109869792,"kx technologies, llc 55 ##  ##",,railroad ave,"west haven, ct 06516",109869792,KX Technologies LLC,41.2718216,-72.9673963
109869797,department of hematologic oncology ## blood disorders ## cleveland clinic taussig cancer institute,,,oh,109869797,"Dr. Brian J. Bolwell, MD",41.5026478,-81.6211117
109869800,united states federal penitentiary ##  ##,,,,109869800,Federal Bureau of Prisons,32.0847301,-110.865276
109869834,cfd consultants international ##  ##,,18310 southview avenue,"los gatos, ca 95033",Can't Geocode,Can't Geocode,Can't Geocode,Can't Geocode
109869844,asuza pacific university ##  ##,,,,109869844,Azusa Pacific University - East Campus,34.1300755,-117.8883593
109869848,2cancer research and biostatistics ##  ##,,,"seattle, wa",109869848,Cancer Research & Biostats,47.6166009,-122.3299011
109869873,ses group and associates ## llc ##,,,,109869873,Ses Group & Associates Llc,39.531517,-75.800762
109869884,molecular cell biology program ##  ##,,,,109869884,Molecular Cell Biology Program,38.6347966,-90.2630264
109869887,safe harbor behavioral health ##  ##,,,"erie, pa",109869887,Safe Harbor Behavioral Health,42.1019174,-80.1024498
109869893,technical staff ## ti's communications infrastructure ## voice group,,,,Can't Geocode,Can't Geocode,Can't Geocode,Can't Geocode
109869907,cardiovascular special studies center ##  ##,,,"minneapolis, mn",109869907,Herzog Charles A MD,44.9720951,-93.2624033
109869910,polymers division ##  ##,,,"gaithersburg, md",109869910,National Institute of Standards and Technology,39.14004,-77.218506
109869928,information services division ## united airlines world headquarters whqkb ##,,,"chicago, il 60666",Can't Geocode,Can't Geocode,Can't Geocode,Can't Geocode
109869948,departments of psychiatry ##  ##,,,,109869948,Department of Psychiatry,40.7392171,-73.9754976
109869951,applied fluid dynamics analysis group ## td64 ##,,,,Can't Geocode,Can't Geocode,Can't Geocode,Can't Geocode
109869962,departments of neurology and anesthesiology and critical care ##  ##,,,,Can't Geocode,Can't Geocode,Can't Geocode,Can't Geocode
109869963,program in pharmacogenetics ## department of pharmacology ##,,,,Can't Geocode,Can't Geocode,Can't Geocode,Can't Geocode
109869967,peo space systems ##  ##,,,"san diego, ca",109869967,G2 Software Systems,32.7555498,-117.2167657
109869970,centra cade ##  ##,,,,109869970,Azalea Park Centra Care,28.5366456,-81.310105
109869974,nci information systems ##  ##,,,,109869974,NCI Information Systems Inc,38.6002557,-89.9769673
109869986,mr research and development ## siemens healthcare ##,,,,Can't Geocode,Can't Geocode,Can't Geocode,Can't Geocode
109869990,university orthopedics ## 1405 south county trail ##,,,"east greenwich, ri 02818",109869990,"University Orthopedics, Inc",41.6583169,-71.498551
109869992,"whitman, requardt and associates, llp ##  ##",,3701 pender drive,"fairfax, va 22030",109869992,"Whitman, Requardt and Associates, LLP",38.8621503,-77.3310577
109869996,"economa agrcola universidad de cornell, eeuu ##  ##",,,,Can't Geocode,Can't Geocode,Can't Geocode,Can't Geocode
109870013,department of civil and environmental engineering ## center of advanced materials ## purification of water with system,,,,Can't Geocode,Can't Geocode,Can't Geocode,Can't Geocode
109870014,northern california mutual ##  ##,,p.o. box 5940,"la quinta, ca 92248",Can't Geocode,Can't Geocode,Can't Geocode,Can't Geocode
109870015,research triangle consultants ##  ##,,,,109870015,"MethodSense, Inc.",35.894368,-78.872546
109872651,concordia university ##  ##,,,,109872651,Concordia University Texas,30.420143,-97.8395755
109872653,woodside energy limited ##  ##,,,,109872653,Woodside Energy USA Inc,29.7497206,-95.4648025
109872720,departments of biostatistics ##  ##,,,memphis tn,109872720,St. Jude Children's Research Hospital,35.15353,-90.0427167
109872772,asla ##  ##,,,dallas,109872772,Berkenbile ASLA,32.783811,-96.809624
109872806,asla ##  ##,,,houston,109872806,Houston Arboretum & Nature Center,29.7652048,-95.452062
109872818,center for hydrothermal research ##  ##,,,,109872818,UCF NanoScience Technology Center,28.5863871,-81.1959117
109872836,agricultural and biological engineering ##  ##,,,,109872836,Department of Agricultural and Biological Engineering,40.1035969,-88.2260288
109872851,department of medicine ## division of pulmonary and critical care medicine ##,,,,109872851,UCSF Pulmonary Critical Care,37.7563854,-122.4045351
109872871,nielsen company ##  ##,,,,109872871,Nielsen Co,32.78135,-96.7964161
109872907,atandt labs research ##  ##,,,,109872907,AT&T Labs,40.3974568,-74.1356134
109872936,fox school of business ##  ##,,,,109872936,Fox School of Business,39.98025,-75.155765
109872938,##  ##,"dep. surg., cleveland, oh 44106",,,109872938,Department of Surgery,41.506086,-81.6050907
109872951,##  ##,"blank rome, llp, princeton, nj, usa.",,,109872951,Blank Rome LLP,40.317922,-74.652312
109872982,united states secretary of homeland security ##  ##,,,,109872982,U.S. Department of Homeland Security,29.9398221,-95.326521
109872996,department of radiology ## division of nuclear medicine ##,,,"chapel hill, nc 27599-7510",109872996,Unc Hospital Radiology Department,35.9052623,-79.0509735
109872997,pharmacy production laboratory pharmacist ##  ##,,,,109872997,Catalent Pharma Solutions,35.8336274,-78.8112163
109873002,maternidad concepcin palacios ## departamento de neonatologa ##,,,,Can't Geocode,Can't Geocode,Can't Geocode,Can't Geocode
109873024,dickinson wright intellectual property academy ##  ##,,,,109873024,Dickinson Wright PLLC: Milton Harold,42.568375,-83.2314684
109873038,from the st thomas medical group ##  ##,,,,109873038,St Thomas Medical Group PLLC: Allen Jr Newton P MD,36.1294905,-86.8445189
109873045,dark energy survey collaboration ##  ##,,,,109873045,Texas A&M Science - College of Science,30.6196195,-96.3422253
109873059,clinical manager research portfolio ## emergency department calvary health care act ##,,,,Can't Geocode,Can't Geocode,Can't Geocode,Can't Geocode
109873061,section of wildlife health ##  ##,,,,109873061,USGS National Wildlife Health Center,43.0491648,-89.4848925
109873073,phoenix college ## a maricopa community college ##,,,,109873073,Phoenix College,33.4833037,-112.0890211
109873091,center for judicial ethics ## american judicature society ##,,,,109873091,American Judicature Society,41.6002537,-93.6537078
109873096,usdepartment of energy nuclear hydrogen initiative ##  ##,,,,109873096,Pantex Plant,35.3091282,-101.5584754
109873098,"olive growing, milling techniques and systems, and olive oil quality ##  ##",,,,Can't Geocode,Can't Geocode,Can't Geocode,Can't Geocode
109873100,annie ecasey foundation ##  ##,,,,109873100,The Annie E Casey Foundation,39.297781,-76.6139066
109873102,gsa international division ##  ##,,,,Can't Geocode,Can't Geocode,Can't Geocode,Can't Geocode
109873107,wsp gmbh anlagenbau fr die thermoprozesstechnik  thermoprocessing plants ##  ##,,,,Can't Geocode,Can't Geocode,Can't Geocode,Can't Geocode
109873123,council on children with disabilities executive ## committee member at large ##,,,,Can't Geocode,Can't Geocode,Can't Geocode,Can't Geocode
109873146,assote director for industry liaison ## the center for paper business and industry studies ##,,,,Can't Geocode,Can't Geocode,Can't Geocode,Can't Geocode
109873172,faculdade de agronomia e medicina veterinriafamevufmt ##  ##,,fernando correa s/no,"78060-900, cuiab-mt",Can't Geocode,Can't Geocode,Can't Geocode,Can't Geocode
109873180,concrete home building council ## national association of home builders ##,,,,Can't Geocode,Can't Geocode,Can't Geocode,Can't Geocode
109873187,cotsen institute of archaeology ##  ##,,,,109873187,UCLA Cotsen Institute of Archaeology,34.0729705,-118.442985
109873201,american psychiatric institute for research ## education psychiatric practice research network ##,,,,Can't Geocode,Can't Geocode,Can't Geocode,Can't Geocode
109873204,energy and power systems practice ## frost and sullivan   south asia and middle east ##,,,,Can't Geocode,Can't Geocode,Can't Geocode,Can't Geocode
109873222,space dynamics laboratory ##  ##,,"ondoyama-cho,narutaki","ukyo-ku, kyoto, 616-8255",Can't Geocode,Can't Geocode,Can't Geocode,Can't Geocode
109873235,oak ridqe national laboratory ##  ##,,,,109873235,Oak Ridge National Laboratory,35.9313167,-84.3104124
109873237,wilkinson of t mactechnologies ltd##  ##,,,,109873237,t-mac Technologies Ltd,53.25484,-1.427659
109873245,usepas indoor environments division ##  ##,,,,109873245,Indoor Air Quality Information,38.8861656,-77.0214389
109873253,phoenix contact automation systems ##  ##,,,,109873253,Phoenix Contact Inc,40.2287866,-76.7477884
109873260,usarmy natick rde center ##  ##,,,,109873260,Natick Research Center,42.289828,-71.3627923
109873266,stephanie wheeler associates ltd ##  ##,,,,Can't Geocode,Can't Geocode,Can't Geocode,Can't Geocode
109873269,librarian at the university of ldaho ##  ##,,,,109873269,University of Idaho Library,46.7273654,-117.0142491
109873280,harlem dowling westside center ##  ##,,,,109873280,Harlem Dowling West Side Center,40.8087051,-73.9488943
109873285,claude ginet et pascale herrault ## infirmiers service prvention et contro de i'infection ## direction mdicale,,,,Can't Geocode,Can't Geocode,Can't Geocode,Can't Geocode
109873287,the systematics research group ##  ##,,74 hermitage court,e1w 1pw,Can't Geocode,Can't Geocode,Can't Geocode,Can't Geocode
109873310,dispute resolution centre ##  ##,,,,109873310,South Island Dispute Resolution Centre,48.4352991,-123.4902213
109873315,"interconnect technology analysis, inc##  ##",,,"georgetown, tx",109873315,"AirBorn Interconnect, Inc.",30.6132095,-97.6782008
109873336,us mergers and acquisitions group ## mayer brown llp ##,,,,Can't Geocode,Can't Geocode,Can't Geocode,Can't Geocode
109873338,national agrability project leader ##  ##,,,,109873338,Michigan AgrAbility,42.8855397,-85.369519
109873344,neuroscience institute ## saint francis medical ceter ##,,,"trenton, nj",109873344,St Francis Medical Center,40.216815,-74.7413879
109873354,centennial mental health center ##  ##,,,,109873354,Centennial Mental Health Center,39.3569069,-104.5940594
109873360,usda ars sw cotton ginning research lab ##  ##,,,,109873360,US Agricultural Department,32.2819759,-106.766475
109873373,forsyth center ##  ##,,,"cambridge, ma",109873373,The Forsyth Institute,42.3635818,-71.0790784
109873405,hoyle and harris dental practice ##  ##,,27 dudley st,"grimsby, ne lincolnshire, dn31 2aw",109873405,Harrison Hoyle Dental Practice,53.5636646,-0.0958901
109873406,magnetto wheels spa##  ##,,,,Can't Geocode,Can't Geocode,Can't Geocode,Can't Geocode
109873407,engineering manager ## dow electronic materials ##,,,"marlborough, ma",109873407,The Dow Chemical Company,42.3316266,-71.5917152
109873408,bryan cave international trade llc ##  ##,,,,109873408,Bryan Cave Llc,39.0997311,-94.583692
109873417,center for meat safety ## quality and food safety cluster ## department of animal sciences,,,,Can't Geocode,Can't Geocode,Can't Geocode,Can't Geocode
109873438,henry latimson center ##  ##,,,,109873438,Stimson Center,38.9063697,-77.0409173
109873446,"american society of hypertension, inc##  ##",,,,Can't Geocode,Can't Geocode,Can't Geocode,Can't Geocode
109873450,"department of surgery, oregon health ## sciences university ##",,,,109873450,Department of Neurological Surgery Oregon Health & Science University,45.4987783,-122.6711781
109873452,enigma marketing research ##  ##,,,,109873452,Enigma,46.6031208,-120.5010474
109873471,office of new drugs ## office of nonprescription products ## division of nonprescription clinical evaluation,,,,109873471,FDA,39.0361229,-76.9819306
109873483,crest center for nanomaterials characterization science and processing technology ##  ##,,,,Can't Geocode,Can't Geocode,Can't Geocode,Can't Geocode
109873515,"departments of psychiatry, neurology and neuroscience ## program in cellular and olecular medicine ##",,,,Can't Geocode,Can't Geocode,Can't Geocode,Can't Geocode
109873517,pierre emmanuel morange pour le groupe de travail geht ##  ##,,,,Can't Geocode,Can't Geocode,Can't Geocode,Can't Geocode
109873520,"infomc, inc##  ##",,,,109873520,"InfoMC, Inc",40.073161,-75.308774
109873533,marshall brown and associates ##  ##,,,,109873533,Brown Marshall H DDS,32.7248375,-97.3442303
109873539,"fisioterapeutaservicio de estancias diurnas la solanajccm durante la elaboracion, del estudio ##  ##",,,,Can't Geocode,Can't Geocode,Can't Geocode,Can't Geocode
109873540,seneca global it service private limited ##  ##,,,,109873540,SenecaGlobal IT Services Private Limited,17.4582999,78.37309
109873546,williams exploration and production ##  ##,,,tulsa,109873546,Williams Companies Inc.,36.1551536,-95.9906268
109873568,##  ##,"department of wildlife, fish, and conservation biology university of california one shields avenue davis, ca 95616-5270 usa",,,109873568,"Wildlife, Fish, & Conservation Biology",38.5353151,-121.7528956
109873569,"air supply, engineering and services ##  ##",,,,109873569,Air Engineering & Supply,44.9625565,-93.231995
109873576,center for chemical science and technology ##  ##,,,,109873576,Board on Chemical Sciences & Technology,38.896825,-77.0191053
109873589,jeffseron medical college ## thomas jeffseron university ##,,,philadlphia,109873589,Thomas Jefferson University,39.948555,-75.155896
109873596,center for change ##  ##,,,"rochester, ny",109873596,Sears Auto Center,43.203242,-77.6947658
109873617,north american contact dermatitis group ##  ##,,,,Can't Geocode,Can't Geocode,Can't Geocode,Can't Geocode
109873642,mdecin griatre coordonnateur ## rsidences val de marnaises monsieur vincent ## association monsieur vincent,,,"saint joseph, cachan",Can't Geocode,Can't Geocode,Can't Geocode,Can't Geocode
109873663,program on pediatric health services research ## department of pediatrics ##,,,,109873663,Boston Children's Hospital,42.337212,-71.1061415
109873694,parker group ##  ##,,,,109873694,Parker Group Inc,42.626561,-82.869036
109873706,logic technology development ## amd's ##,,,"sunnyvale, ca",109873706,AMD,37.3865343,-121.9993276
109873727,missouri supreme court ## missouri sentencing advisory commission ##,,,,109873727,Honorable Michael A Wolff,38.57809,-92.17468
109873732,methodist debakey heart and vascular center ##  ##,,,,109873732,Methodist Debakey Heart Center,29.7098385,-95.3997551
109873738,departments of transplantation biology program ##  ##,,,,Can't Geocode,Can't Geocode,Can't Geocode,Can't Geocode
109873739,chartered institute of logistics ## supply chain integration technology forum ##,,,,Can't Geocode,Can't Geocode,Can't Geocode,Can't Geocode
109873745,psychological studies institute ##  ##,,,,109873745,Institute for the Psychological Sciences,38.855817,-77.051528
109873750,institute of medical research ##  ##,,,"manhasset, ny",109873750,The Feinstein Institute for Medical Research,40.7756285,-73.7023206
109873778,international consulting firm moore and associates ##  ##,,,,109873778,"BDO USA, LLP",42.3563172,-71.0519451
109873814,oil and gas initiatives for rockwell automation inc##  ##,,,,Can't Geocode,Can't Geocode,Can't Geocode,Can't Geocode
109873820,printovate inc## nemi large area flexible electronics ## twg technology working group,,,,Can't Geocode,Can't Geocode,Can't Geocode,Can't Geocode
109873827,han guoqing cnpc america ltd##  ##,,,,Can't Geocode,Can't Geocode,Can't Geocode,Can't Geocode
109873829,jump associates ##  ##,,,,109873829,Jump Associates LLC,37.5662804,-122.3243302
109873844,uspharmaceutical packaging ## department of cardiac implants ## nanotechnology in healthcare,,,,Can't Geocode,Can't Geocode,Can't Geocode,Can't Geocode
109873852,collier county comprehensive planning department ##  ##,,,,109873852,Collier County Community Dev,26.162676,-81.772692
109873853,the williamsburg varegional ## library wrl ##,,,,109873853,Williamsburg Library,37.2739838,-76.7085787
109873872,american avademy of pediatric ##  ##,,,,109873872,American Academy of Pediatrics,42.036651,-87.982697
109873873,department of psychology ## college of education ##,,100 north university drive,"edmond, ok 73034-5209",109873873,University of Central Oklahoma,35.6575905,-97.4719463
109873885,us based hosiery association ##  ##,,,,109873885,Hosiery Association,35.0883829,-80.8443503
109873912,gmes land monitoring service ##  ##,,,,Can't Geocode,Can't Geocode,Can't Geocode,Can't Geocode
109873933,geosierra llc ##  ##,,,,Can't Geocode,Can't Geocode,Can't Geocode,Can't Geocode
109873945,division of postmarket surveillance ## office of surveillance and biometrics ##,,,,Can't Geocode,Can't Geocode,Can't Geocode,Can't Geocode
109873953,tlwatson and associates ##  ##,,,,109873953,T L Watson & Associates Inc,51.0350226,-114.0187592
109873971,grant aided heating installers network gain ##  ##,,,,Can't Geocode,Can't Geocode,Can't Geocode,Can't Geocode
109873993,conservation science ## the nature conservancy ##,,4722 latona avenue ne,"seattle, wa, 98105",109873993,The Nature Conservancy in Washington,47.6140416,-122.3496151
109873996,"mckenzie, bryson and marshall ##  ##",,21 hill street,"kilmarnock, east ayrshire ka3 1ha",109873996,MBM Veterinary Group,55.6137225,-4.4976509
109874006,amerforest and paper association ##  ##,,,,109874006,Ecological Resource Consultant,30.241843,-85.910059
109874007,the american chestnut foundation ##  ##,,85 stoney hill court,"asheville, nc 28804",109874007,The American Chestnut Foundation,35.6418071,-82.5765825
109874010,astm ##  ##,,100 barr harbor drive,"w. conshohocken, pa 19428-2959",109874010,ASTM International,40.0690243,-75.3084171
109874012,labfor atmosphand space physics ##  ##,,,,109874012,Laboratory For Atmospheric and Space Physics,40.008919,-105.2477141
109874014,bernard krone holding gmbh and cokg ##  ##,,,,109874014,Bernard Krone Holding,52.359,7.4742
109874058,department of english and women's studies ## rutsers university newark ##,,,,109874058,Rutgers University-Office of Admissions,40.7408555,-74.1738143
109874060,committee on bioethics ## section on hematologyoncology ## section on surgery,,,,Can't Geocode,Can't Geocode,Can't Geocode,Can't Geocode
109874075,"va new england mental illness research ## education, and clinical center ##",,,"west haven, ct",Can't Geocode,Can't Geocode,Can't Geocode,Can't Geocode
109874080,acutech consulting group ##  ##,,1600 tysons boulevard,"mclean, va 22102",109874080,AcuTech Consulting Group,38.9130598,-77.2266078
109874087,trevor roberts associates ##  ##,,,,109874087,Trevor Roberts Associates,53.5831252,-2.4278989
109874092,research faculty ## research division ## college of chiropractic,,,,109874092,Texas A&M University,30.6186763,-96.336487
109874113,research and trend management ## express scripts ##,,,,Can't Geocode,Can't Geocode,Can't Geocode,Can't Geocode
109874124,oswego county boces migrant program ##  ##,,,,109874124,"The Center for Instruction, Technology and Innovation (CiTi BOCES)",43.4603038,-76.2569121
109874147,american public human services organization ##  ##,,,,109874147,American Public Human Services Association,38.9048465,-77.0429798
109874154,office of safety programs ## federal highway administration ##,,,,109874154,US Federal Highway Administration,38.2006138,-84.8777694
109874157,brooking institution ##  ##,,,"washington, dc",109874157,The Brookings Institution,38.9090827,-77.0405785
109874164,"pe, kimbrell and associates, llc ##  ##",,,,Can't Geocode,Can't Geocode,Can't Geocode,Can't Geocode
109874169,southwest dental anesthesia services ##  ##,,,,109874169,Southwest Dental Anesthesia,32.2673,-110.891721
109874172,department of medicine neurology ## duke center for cerebrovascular disease ## center for clinical health policy research,,,,Can't Geocode,Can't Geocode,Can't Geocode,Can't Geocode
109874184,"department of clinical, social and administrative sciences ## um college of pharmacy ##",,,,109874184,"Department of Clinical, Social, and Administrative Sciences",42.2771785,-83.734933
109874200,econ km and research fellow rmit ## sial ##,,,,Can't Geocode,Can't Geocode,Can't Geocode,Can't Geocode
109874201,"laboratoire rives recherche interdisciplinaire, ville, espace, socit ##  ##",,,"entpe, vaulx-en-velin",Can't Geocode,Can't Geocode,Can't Geocode,Can't Geocode
109874216,kimball electronics group ##  ##,,,"auburn, in",109874216,Kimball International Inc,38.4020998,-86.9207331
109874222,wound clinic ## medway primary care trust ## healthy living centre,,,,Can't Geocode,Can't Geocode,Can't Geocode,Can't Geocode
109874224,chairman carbon fibers and composites ## sgl technologies gmbh ##,,,,Can't Geocode,Can't Geocode,Can't Geocode,Can't Geocode
109874236,antioxidants research laboratory ##  ##,,,,109874236,Tufts University - Human Nutrition Research Center on Aging,42.3506296,-71.0636495
109874237,barnhart and associates ##  ##,,,,109874237,Barnhart Associates Real Estate: Wilkie Dave,44.0442749,-123.0900294
109874250,hunter whitney and associates inc##  ##,,,,109874250,Hunter Smith Associates Architects,41.3876617,-72.9006746
109874259,nanotechnology knowledge transfer network nanoktn ##  ##,,,,Can't Geocode,Can't Geocode,Can't Geocode,Can't Geocode
109874269,integrated product team for exploration information management ## national coastal data development center ##,,,,Can't Geocode,Can't Geocode,Can't Geocode,Can't Geocode
109874271,cyrus conseil ##  ##,,,,109874271,Cyrus Conseil Rennes,48.1040562,-1.6735712
109874288,departments of anesthesiology and molecular physiology and biophysics ##  ##,,,,Can't Geocode,Can't Geocode,Can't Geocode,Can't Geocode
109874309,unified school district ##  ##,,,"los angeles, ca",109874309,Los Angeles Unified School Dis,34.0669213,-118.2564877
109874321,economics department ##  ##,,0508 ucsd 9500 gilman drive,"la jolla, ca 92093-0508",109874321,University of California San Diego,32.8800604,-117.2340135
109874352,open mind technologies ##  ##,,,,109874352,"Open Mind Technologies USA, Inc.",42.2806911,-71.2358337
109874364,maja maschinenfabrik hermann schill gmbh and cokg ##  ##,,,,109874364,MAJA-Maschinenfabrik Hermann Schill GmbH & Co. KG,48.5082,7.82217
109874378,milken institute ## ceo of homez inc##,,,,Can't Geocode,Can't Geocode,Can't Geocode,Can't Geocode
109874388,electronic resources librarian ## metadata and cataloging department ##,,,,109874388,Cornell University Library,42.4479056,-76.484293
109874408,bass berry and sims plc ##  ##,,,,109874408,Bass Berry & Sims PLC,36.1599858,-86.7745855
109874465,diabetes prevention program coordinating center ##  ##,,,,Can't Geocode,Can't Geocode,Can't Geocode,Can't Geocode
109874474,"institute for behavior and health, inc##  ##",,,"rockville, md",109874474,Institute For Behavior & Health,39.048915,-77.1223544
109874495,departments of 1pathology ##  ##,,,,109874495,Department of Pathology,37.4330923,-122.175016
109874498,supply department ## econgas ##,,,,Can't Geocode,Can't Geocode,Can't Geocode,Can't Geocode
109874506,dusa pharmaceuticals ## lumenis ## cynosure,,,,Can't Geocode,Can't Geocode,Can't Geocode,Can't Geocode
109874514,incident command curriculum ## national fire academy ##,,,,109874514,Fire Service Training Bureau,42.0313422,-93.6389656
109874519,otolaryngology department ## tyrone county hospital ##,,,,109874519,Tyrone County Hospital,54.6011336,-7.2849683
109874520,ferraz shawmut llc ##  ##,,,,109874520,Mersen USA Newburyport-MA LLC,42.8243046,-70.8889943
109874535,"global segment marketing lead, tissue and towel ##  ##",,,,Can't Geocode,Can't Geocode,Can't Geocode,Can't Geocode
109874566,plant molecular and cellular biology program ## horticultural sciences department ##,,,,109874566,University of Florida,29.6436325,-82.3549302
109874574,school of education and at the kennedy ##  ##,,,,109874574,John F. Kennedy School of Government,42.3714138,-71.1220443
109874578,office of special health issues ##  ##,,,,Can't Geocode,Can't Geocode,Can't Geocode,Can't Geocode
109874582,assistant university librarian ##  ##,,,,109874582,Stanford University,37.4274745,-122.169719
109874583,astronautical engineering ## eny ##,,2950 hobson way,,109874583,Air Force Institute of Technology,39.7829488,-84.0824032
109874603,millward brown ## marketing science institute ##,,,,109874603,Marketing Science Institute,42.3688069,-71.110861
109874613,geological engineering program ##  ##,,,,109874613,College of Engineering,43.0720652,-89.4101823
109874646,west houston allergy and asthma pa ##  ##,,,"katy, tx",109874646,West Houston Allergy & Asthma,29.77656,-95.715371
109874649,child health corporation ofamerica shawnee ##  ##,,,"mission, ks 66202",109874649,Child Health Corporation of America,39.0120028,-94.6652222
109874654,"security task group ## chair, interworking group ##",,,,Can't Geocode,Can't Geocode,Can't Geocode,Can't Geocode
109874660,upper fas project executive ## national capital programme management service ## environment agency,,,,Can't Geocode,Can't Geocode,Can't Geocode,Can't Geocode
109874664,department of kinesiology at towson ## university in towson ##,,,,109874664,Towson University,39.3937961,-76.6091894
109874665,"infectious disease health outcomes, antiinfective research laboratory ## department of pharmacy practice ## eugene applebaum college of pharmacy and health sciences",,,"detroit, mi",Can't Geocode,Can't Geocode,Can't Geocode,Can't Geocode
109874671,columbia school of medicine ## division of public health ##,,,"new york, ny",109874671,Columbia University Mailman School of Public Health,40.8423738,-73.9434987
109874683,volusia marine science center ##  ##,,,"ponce inlet, fl 32127",109874683,Marine Science Center,29.080972,-80.926265
109874696,graduate student ## usaka city university ##,,,,109874696,Osaka City University,34.5919232,135.505417
109874700,division of maternal fetal medicine ## regional women's health care ##,,853 north church street,"spartanburg, sc 29303",109874700,Medical Group of the Carolinas - Maternal Fetal Medicine,34.966572,-81.9403337
109874701,luke's roosevelt hospital center ##  ##,,,,109874701,Mount Sinai St. Luke's,40.804987,-73.961121
109874702,"department of pharmacology, toxicology and therapeutics ##  ##",,,,109874702,"Department of Pharmacology, Toxicology and Therapeutics",39.0583773,-94.6109607
109874721,french gerleman electric co##  ##,,,"maryland heights, mo",109874721,French Gerleman,38.6920661,-90.4215649
109874724,national forage seed production research center ##  ##,,,,109874724,National Forage Seed Production Research Center,44.5665247,-123.2890141
109874741,"ev41, guidance, navigation and control systems design ## analysis branch ##",,,,Can't Geocode,Can't Geocode,Can't Geocode,Can't Geocode
109874761,open and experimental center for heavy oil chloe ##  ##,,,,109874761,Centre Huile Lourde Ouvert & Expérimental,43.315438,-0.363764
109874798,department of pediatrics ## medical genetics division ##,,,,109874798,University Utah Medical Genetcs,37.09024,-95.712891
109874808,department of psychology ## radford university ##,,,"san diego, ca",Can't Geocode,Can't Geocode,Can't Geocode,Can't Geocode
109874811,vagray consulting ##  ##,,,"hockessin, de",109874811,VA Gray Consulting Inc,39.799282,-75.675631
109874830,college of suny ##  ##,,,cortland,109874830,SUNY Cortland,42.599001,-76.187797
109874835,departments of ophthalmology and visual sciences ##  ##,,,,109874835,Department of Ophthalmology and Visual Sciences,38.6496116,-90.3076589
109874840,omim ## ncbi ##,,,"baltimore, md",Can't Geocode,Can't Geocode,Can't Geocode,Can't Geocode
109874850,pricewaterhousecoopers center for advanced research ##  ##,,,,Can't Geocode,Can't Geocode,Can't Geocode,Can't Geocode
109874851,convenor conflict management ##  ##,,,"madison, wi",Can't Geocode,Can't Geocode,Can't Geocode,Can't Geocode
109874868,division membership committee chair ##  ##,,,,Can't Geocode,Can't Geocode,Can't Geocode,Can't Geocode
109874870,center for nanophase materials science ##  ##,,,,109874870,Center for Nanophase Materials Sciences,35.9538819,-84.2980313
109874872,##  ##,"pediatric associates of charlottesville, ltd, charlottesville, va 22901",,,109874872,"Pediatric Associates of Charlottesville, PLC",38.0298794,-78.4720136
109874875,amerinstof ultrasound in med##  ##,,,,109874875,American Institute of Ultrasound in Medicine,39.092728,-76.900683
109874893,gastroenterology for pediatrics ##  ##,,,"el paso, tx",109874893,"Dr. Luis A. Santos, MD",31.7700042,-106.500032
109874894,division of cardiovascular medicine ## department of medicine ## delia baxter building,,580 s preston st,"louisville, ky 40202",Can't Geocode,Can't Geocode,Can't Geocode,Can't Geocode
109874899,departments of clinical and health psychology ##  ##,,,,109874899,Department of Clinical and Health Psychology,29.641755,-82.3451816
109874905,usda ars heru ##  ##,,,,109874905,US Agricultural Research Services,33.593262,-101.8976384
109874914,center for integrated nanotechnologies ##  ##,,,ms-1314,Can't Geocode,Can't Geocode,Can't Geocode,Can't Geocode
109874941,veteran's greater los angeles healthcare system ## geriatric research education clinical center ##,,,"sepulveda, ca",109874941,Sepulveda Ambulatory Care Center,34.2444152,-118.4820717
109874946,lucas magnetic resonance spectroscopy and imaging center ##  ##,,,,109874946,The Richard M. Lucas Center for Imaging,37.4330935,-122.1787578
109874953,friends of the children ##  ##,,,philadelphia,109874953,John Story Jenks School,40.0750079,-75.203235
109874960,cambridge pediatrics ##  ##,,,"waldorf, ma",109874960,"Cambridge Pediatrics, LLC",38.616564,-76.915569
109874967,polyvers international ##  ##,,,"houston, tx",109874967,Versa-Flex,29.877259,-95.5432
109874987,motor inns inc##  ##,,,,109874987,Motor Inn Inc,43.4008846,-94.8366075
109874990,statistics and sensor analytics group ##  ##,,,,Can't Geocode,Can't Geocode,Can't Geocode,Can't Geocode
109875002,doe nnsa ##  ##,,,,109875002,National Nuclear Security Adm,33.3878003,-104.5257013
109875019,krasnoff quality management institute ##  ##,,,"new hyde park, ny",109875019,Krasnoff Quality Management Institute,40.7566961,-73.6932426
109875022,luna technologies ##  ##,,,,109875022,Luna Technologies Inc,37.1919916,-80.3884105
109875030,department of chemistry ## skaggs institute for chemical bioiogy ##,,,,109875030,The Scripps Research Institute,32.8962582,-117.2427248
109875038,law office 0f joseph wgelb ##  ##,,,,Can't Geocode,Can't Geocode,Can't Geocode,Can't Geocode
109875062,cypress bioscience ##  ##,,,"san diego, ca",109875062,WomanCare Global,33.0201039,-117.2805368
109875078,sdl ## usu research foundation ##,,,,109875078,Space Dynamics Laboratory,41.762989,-111.8218792
109875079,wireless communications and networking group wncg ##  ##,,,,Can't Geocode,Can't Geocode,Can't Geocode,Can't Geocode
109875094,pro rector of scientific works ## doctor ofscience engineering ##,,,,Can't Geocode,Can't Geocode,Can't Geocode,Can't Geocode
109875099,"otsuka pharmaceutical development and commercialization, inc##  ##",,,,109875099,Otsuka America Pharmaceutical,39.103779,-77.188218
109875100,health system information services ##  ##,,,"birmingham, al",109875100,St Vincent's Health System,33.5071444,-86.7879299
109875105,center for vaccine development ## department of medicine ##,,,"sparks, md",109875105,University of Maryland School of Medicine,39.2889604,-76.625715
109875108,complete radiology reading services ## pllc ##,,400 post avenue,"westbury, ny 11590",109875108,Complete Radiology Reading Services,40.7628781,-73.5863448
109875109,delta airlines dept684 ##  ##,,1030 delta blvd.,"atlanta, ga 30320",109875109,"Delta Air Lines, Inc.",33.6562705,-84.4240359
109875116,stedman center for nutrition ##  ##,,,,109875116,Duke Molecular Physiology Institute,36.0017832,-78.9063191
109875117,clair pulmonary and critical care ##  ##,,,"port huron, mi",109875117,St Clair Pulmonary Critical: Elliott Kristin M,42.9865541,-82.4333884
109875154,portland va center for the study of chronic ## comorbid physical and mental disorders ##,,,,109875154,Portland Va Medical Center: Ganzini Linda MD,45.4962331,-122.6834829
109875156,section of cardiac and thoracic surgery ##  ##,,,,109875156,Cardiac and Thoracic Surgery Associates,38.866411,-104.821544
109875161,chemical engineering and interim department ##  ##,,,,109875161,University of Missouri: Department of Chemical Engineering,38.9460635,-92.3301782
109875164,departments of pathology informatics dr pantanowitz ## baystate health ##,,,"springfield, ma",Can't Geocode,Can't Geocode,Can't Geocode,Can't Geocode
109875187,division of animal sciences ##  ##,,,"columbia, mi",109875187,Division of Animal Sciences,38.9392604,-92.3160006
109875199,reloxin investigational group ##  ##,,,,Can't Geocode,Can't Geocode,Can't Geocode,Can't Geocode
109875204,washing state university ##  ##,,,,109875204,Washington State University,46.7319374,-117.1544219
109875216,tim bickmore's north eastern university ## wpi ##,,,,109875216,Northeastern University,42.3398067,-71.0891717
109875220,"richard perry university professor ## departments of criminology, psychiatry and psychology ## jerry lee center of criminology",,,,Can't Geocode,Can't Geocode,Can't Geocode,Can't Geocode
109875221,statistician ##  ##,,,"athens, ga 30606",109875221,Department of Statistics,33.9452487,-83.3716115
109875235,ssa inc##  ##,,,"largo, md",109875235,Systems Support Alternatives,38.8138142,-77.043366
109875237,cambridge pediatrics ##  ##,,,"waldorf, md",109875237,"Cambridge Pediatrics, LLC",38.616564,-76.915569
109875242,"uco, boulder ##  ##",,,,109875242,University of Colorado Boulder,40.007581,-105.2659417
109875258,gastrointestinal oncology service ## saint vincents comprehensive cancer center ##,,325 w 15th st,"new york, ny 10011.",109875258,St Vincent's Cancer Center: Macdonald John MD,40.7411632,-74.003433
109875260,finite state research llc ##  ##,,,"socorro, nm 87801",109875260,New Mexico Institute of Mining and Technology,34.065993,-106.905611
109875267,rhonda miller ##  ##,,2300 old main hill,"logan, ut 84328",Can't Geocode,Can't Geocode,Can't Geocode,Can't Geocode
109875268,rocky mountain regional center of excellence ##  ##,,,,109875268,Rocky Mountain Regional Waste,52.3791556,-114.9070519
109875273,mars snackfood us## llc analytical and applied sciences group ##,,800 high street,"hackettstown, nj 07840",Can't Geocode,Can't Geocode,Can't Geocode,Can't Geocode
109875280,national marine fisheries service ##  ##,,,"auke bay, ak",109875280,National Marine Fisheries Services,58.3812397,-134.6453373
109875282,visiting faculty ## university of mssouri ##,,,"rolla, summer 2007",Can't Geocode,Can't Geocode,Can't Geocode,Can't Geocode
109875283,bradshaw litigation consulting ##  ##,,,,Can't Geocode,Can't Geocode,Can't Geocode,Can't Geocode
109875291,city of charlotte ## storm water services ##,,,,109875291,City Storm Water Department Charlotte,35.2214143,-80.8393348
109875298,center for metabolic bone disease and molecular research ## shriners hospital for children ##,,,st. louis,109875298,Shriners Hospitals for Children,38.6321487,-90.2582591
109875301,integrated substance abuse program ##  ##,,,,109875301,"University of California, Los Angeles",34.068921,-118.4451811
109875311,fridley high school ##  ##,,,"fridley, mn",109875311,Fridley High School,45.0769173,-93.2540641
109875314,department of medicine ## division of hematology and oncology ##,,,"charleston, sc",109875314,Musc Hematology Oncology,32.7844874,-79.9472281
109875335,curso de engenharia florestal da universidade do oeste santa catarina ## campus de xanxer ## bairro jardim universitrio,,rua dirceu giordani 696,xanxer (sc),Can't Geocode,Can't Geocode,Can't Geocode,Can't Geocode
109875358,departments of broad stem cell center ##  ##,,,,109875358,Broad Stem Cell Research Center,34.0673456,-118.4412787
109875362,microwave processing and engineering center ##  ##,,,,109875362,Penn State University,40.7982133,-77.8599084
109875379,heathrow airport ltd ##  ##,,,,109875379,Heathrow Airport,51.4700223,-0.4542955
109875401,eastern cooperative oncology group ## coordinating center ##,,,"boston, ma",109875401,Frontier Science & Tech Research,42.3505922,-71.1161909
109875402,inland ecosystems in reno ##  ##,,,nevada,109875402,Inland Ecosystems,39.5639314,-119.7937332
109875404,sealy center of aging ##  ##,,,,109875404,Sealy Center on Aging,29.3111074,-94.7760246
109875419,chemistry and drug metabolism ##  ##,,,,109875419,College of Pharmacy,30.2880197,-97.7385694
109875421,mechanical and aerospace engineering department ## 4130 old main hilluniversity ## mail code 4130,,,,Can't Geocode,Can't Geocode,Can't Geocode,Can't Geocode
109875422,"department of obstetrics, gynecology, and reproductive sciences ##  ##",,,,109875422,"Icahn School of Medicine: Department of Obstetrics, Gynecology and Reproductive Science",40.789449,-73.954116
109875435,emeritus department of mechanical engineering ##  ##,,,,109875435,Mechanical Engineering Building,40.1110966,-88.2251374
109875437,employee wellness programs ## occupational health department ##,,,"new york, ny",109875437,House Direct,40.5621657,-74.5296999
109875441,royal society university ##  ##,,,,109875441,Queen's University,44.2252795,-76.4951412
109875450,virginia department of forensic science ##  ##,,,"norfolk, vi",109875450,Virginia Department of Forensic Science,37.5472871,-77.4340544
109875477,section on epidemiology ##  ##,,,,109875477,State of Alaska Epidemology,61.18759,-149.884474
109875478,division of health studies ## surveillance and registries branch ##,,,"atlanta, ga",Can't Geocode,Can't Geocode,Can't Geocode,Can't Geocode
109875483,university of iowa bowling ## green state university ##,,,bowling green oh,109875483,The University of Iowa,41.6626963,-91.5548998
109875489,shaw industries inc##  ##,,"p.o. drawer, 2128 mail drop 03-04","dalton, ga 30722",Can't Geocode,Can't Geocode,Can't Geocode,Can't Geocode
109875493,storage systems research center ##  ##,,,,109875493,University of California Santa Cruz,36.9913856,-122.0608718
109875502,"school of speech, language and hearing sciences ## san diego state univerity ##",,,,109875502,"School of Speech, Language, and Hearing Sciences",32.7721627,-117.0713966
109875507,center for alcohol and addiction studies ##  ##,,,,109875507,Alcohol and Addiction Studies,41.8239322,-71.4069266
109875512,department's brain ## behavior laboratory ##,,,,109875512,University of Pennsylvania,39.9522188,-75.1932137
109875518,water resources management ##  ##,,llc 3695 duxbury lane,"lansing, mi 48906",Can't Geocode,Can't Geocode,Can't Geocode,Can't Geocode
109875525,partnerships and knowledge transfer for the metropolis project ##  ##,,,,Can't Geocode,Can't Geocode,Can't Geocode,Can't Geocode
109875533,planning and sequencing systems group ## ms 301 250d ##,,,,Can't Geocode,Can't Geocode,Can't Geocode,Can't Geocode
109875538,genomic sciences graduate program ##  ##,,,"raleigh, nc 27695",109875538,North Carolina State University,35.7846633,-78.6820946
109875543,vmark llc ##  ##,,,"ney, oh",109875543,VMark LLC,41.3736729,-84.532006
109875560,"departments of microbiology and immunology medicine, and pathology ##  ##",,,,109875560,Vanderbilt Micro Immunology,36.1427014,-86.8000989
109875574,healthmap system ##  ##,,,,Can't Geocode,Can't Geocode,Can't Geocode,Can't Geocode
109875585,pequannock high school ##  ##,,,"pequannock, nj",109875585,Pequannock Township High School,40.9606751,-74.3056499
109875644,esteco north america ##  ##,,,"novi, mi, 48375",Can't Geocode,Can't Geocode,Can't Geocode,Can't Geocode
109875646,usepa's school chemical cleanout campaign ##  ##,,,,Can't Geocode,Can't Geocode,Can't Geocode,Can't Geocode
109875653,division of pediatric cardiology ## wake forest baptist health ##,,,"winston-salem, nc",109875653,Wake Forest Baptist Health - Heart and Vascular Center,36.0899154,-80.2696518
109875670,engineering sciences center ##  ##,,,,109875670,"Center For Research in Engineering, Science and Technology",33.6409314,-111.9969266
109875674,lead 3d vfx artist method studios ##  ##,,,santa monica,Can't Geocode,Can't Geocode,Can't Geocode,Can't Geocode
109875676,engineer in civil department ## national authority for tunnels nat ##,,,,Can't Geocode,Can't Geocode,Can't Geocode,Can't Geocode
109875677,section of hepato pancreato biliary and gi surgery ##  ##,,,,Can't Geocode,Can't Geocode,Can't Geocode,Can't Geocode
109875678,division of infectious disease ##  ##,,8700 beverly blvd.,"los angeles, ca 90024",109875678,Cedars-Sinai Medical Center,34.0762846,-118.3809819
109875679,center for innovative grouting materials and technology cigmat ##  ##,,,,109875679,University of Houston,29.7199489,-95.3422334
109875689,aurban university ##  ##,,,aurban 36849,109875689,Auburn University,32.5933574,-85.4951663
109875691,"department of chemistry, chemical physics, and scientific computation ##  ##",,,,Can't Geocode,Can't Geocode,Can't Geocode,Can't Geocode
109875710,epidemic outbreak surveillance ## modernization directorate ## office of the air force surgeon general,,,,Can't Geocode,Can't Geocode,Can't Geocode,Can't Geocode
109875714,harmanbecker ## automotive systems gmbh ##,,,,109875714,Harman International,41.050382,-73.539401
109875723,tule river tribal history project ##  ##,,,,Can't Geocode,Can't Geocode,Can't Geocode,Can't Geocode
109875727,adult intensive care ##  ##,,,"grand rapid, mi",109875727,Bronson Methodist Hospital Adult Critical Care,42.2855118,-85.5805437
109875729,american association for pediatric ophthalmology and strabismus ##  ##,,,,109875729,American Academy of Ophthalmology,37.806514,-122.420181
109875741,sci institute university ##  ##,,,utah,109875741,Scientific Computing and Imaging Institute (SCI Institute),40.7677936,-111.8449938
109875747,abt associates ##  ##,,,"atlanta, ga",109875747,ABT Associates Inc,33.8462015,-84.3067343
109875756,sanofi aventisus ##  ##,,,"bridgewater, nj",109875756,Sanofi-Aventis,40.6360792,-74.6405045
109875759,visn 19 ## mental illness research education ## clinical center,,,"denver, co",109875759,VA Rocky Mountain Network,39.6960944,-104.9389063
109875760,grant sawyer center ## department of justice studies ##,,,,Can't Geocode,Can't Geocode,Can't Geocode,Can't Geocode
109875766,high pressure combustion laboratory ## department of mechanical and nuclear engineering ##,,,,Can't Geocode,Can't Geocode,Can't Geocode,Can't Geocode
109875774,loyola diabetes center ##  ##,,,,109875774,Loyola Medicine,41.8598585,-87.8351047
109875775,eppley institute for cancer research ##  ##,,,,109875775,Eppley Institute For Research,41.2552231,-95.9789181
109875782,bae systems advanced information technologies ##  ##,,,,109875782,BAE Systems,38.8954005,-77.0700772
109875794,departamento de engenharia agrcola   deaufv ##  ##,,,,109875794,Departamento de Engenharia Agrícola DEA,-20.7707887,-42.8721042
